{"assets/font/OpenSans-Regular.ttf":["assets/font/OpenSans-Regular.ttf"],"assets/images/EatozBGGIF.gif":["assets/images/EatozBGGIF.gif"],"assets/images/appbarCart.svg":["assets/images/appbarCart.svg"],"assets/images/applepay.svg":["assets/images/applepay.svg"],"assets/images/bag.svg":["assets/images/bag.svg"],"assets/images/bags.svg":["assets/images/bags.svg"],"assets/images/banktransfer.svg":["assets/images/banktransfer.svg"],"assets/images/cart.svg":["assets/images/cart.svg"],"assets/images/cart01.svg":["assets/images/cart01.svg"],"assets/images/category.svg":["assets/images/category.svg"],"assets/images/category01.svg":["assets/images/category01.svg"],"assets/images/cod.svg":["assets/images/cod.svg"],"assets/images/delete.svg":["assets/images/delete.svg"],"assets/images/desel_fav.svg":["assets/images/desel_fav.svg"],"assets/images/desel_home.svg":["assets/images/desel_home.svg"],"assets/images/desel_notification.svg":["assets/images/desel_notification.svg"],"assets/images/desel_user.svg":["assets/images/desel_user.svg"],"assets/images/doc.png":["assets/images/doc.png"],"assets/images/doodle.png":["assets/images/doodle.png"],"assets/images/driver.png":["assets/images/driver.png"],"assets/images/email.svg":["assets/images/email.svg"],"assets/images/empty_cart.svg":["assets/images/empty_cart.svg"],"assets/images/flutterwave.svg":["assets/images/flutterwave.svg"],"assets/images/googleIcon.png":["assets/images/googleIcon.png"],"assets/images/gpay.svg":["assets/images/gpay.svg"],"assets/images/homelogo.png":["assets/images/homelogo.png"],"assets/images/homelogo.svg":["assets/images/homelogo.svg"],"assets/images/introimage_a.png":["assets/images/introimage_a.png"],"assets/images/introimage_b.png":["assets/images/introimage_b.png"],"assets/images/introimage_c.png":["assets/images/introimage_c.png"],"assets/images/locationLogo.png":["assets/images/locationLogo.png"],"assets/images/loginlogo.png":["assets/images/loginlogo.png"],"assets/images/loginlogo.svg":["assets/images/loginlogo.svg"],"assets/images/midtrans.svg":["assets/images/midtrans.svg"],"assets/images/no_internet.svg":["assets/images/no_internet.svg"],"assets/images/non-vegImage.png":["assets/images/non-vegImage.png"],"assets/images/nonvag.svg":["assets/images/nonvag.svg"],"assets/images/noti_cart.svg":["assets/images/noti_cart.svg"],"assets/images/orderplaced.svg":["assets/images/orderplaced.svg"],"assets/images/password.svg":["assets/images/password.svg"],"assets/images/payfast.svg":["assets/images/payfast.svg"],"assets/images/paypal.svg":["assets/images/paypal.svg"],"assets/images/paystack.svg":["assets/images/paystack.svg"],"assets/images/paytm.svg":["assets/images/paytm.svg"],"assets/images/payu.svg":["assets/images/payu.svg"],"assets/images/placeholder.png":["assets/images/placeholder.png"],"assets/images/popular.svg":["assets/images/popular.svg"],"assets/images/popular_sel.svg":["assets/images/popular_sel.svg"],"assets/images/pro_aboutus.svg":["assets/images/pro_aboutus.svg"],"assets/images/pro_address.svg":["assets/images/pro_address.svg"],"assets/images/pro_customersupport.svg":["assets/images/pro_customersupport.svg"],"assets/images/pro_faq.svg":["assets/images/pro_faq.svg"],"assets/images/pro_favourite.svg":["assets/images/pro_favourite.svg"],"assets/images/pro_language.svg":["assets/images/pro_language.svg"],"assets/images/pro_logout.svg":["assets/images/pro_logout.svg"],"assets/images/pro_myorder.svg":["assets/images/pro_myorder.svg"],"assets/images/pro_notification.svg":["assets/images/pro_notification.svg"],"assets/images/pro_pass.svg":["assets/images/pro_pass.svg"],"assets/images/pro_pp.svg":["assets/images/pro_pp.svg"],"assets/images/pro_rateus.svg":["assets/images/pro_rateus.svg"],"assets/images/pro_referral.svg":["assets/images/pro_referral.svg"],"assets/images/pro_setting.svg":["assets/images/pro_setting.svg"],"assets/images/pro_share.svg":["assets/images/pro_share.svg"],"assets/images/pro_tc.svg":["assets/images/pro_tc.svg"],"assets/images/pro_th.svg":["assets/images/pro_th.svg"],"assets/images/pro_theme.svg":["assets/images/pro_theme.svg"],"assets/images/pro_trackorder.svg":["assets/images/pro_trackorder.svg"],"assets/images/pro_wh.svg":["assets/images/pro_wh.svg"],"assets/images/profile.svg":["assets/images/profile.svg"],"assets/images/profile01.svg":["assets/images/profile01.svg"],"assets/images/razerpay.svg":["assets/images/razerpay.svg"],"assets/images/refer.svg":["assets/images/refer.svg"],"assets/images/rozerpay.svg":["assets/images/rozerpay.svg"],"assets/images/sale.svg":["assets/images/sale.svg"],"assets/images/sale02.svg":["assets/images/sale02.svg"],"assets/images/search.svg":["assets/images/search.svg"],"assets/images/sel_fav.svg":["assets/images/sel_fav.svg"],"assets/images/sel_home.svg":["assets/images/sel_home.svg"],"assets/images/sel_notification.svg":["assets/images/sel_notification.svg"],"assets/images/sel_user.svg":["assets/images/sel_user.svg"],"assets/images/sheet.png":["assets/images/sheet.png"],"assets/images/sliderph.png":["assets/images/sliderph.png"],"assets/images/sliderph.svg":["assets/images/sliderph.svg"],"assets/images/splash_logo.png":["assets/images/splash_logo.png"],"assets/images/splashlogo.png":["assets/images/splashlogo.png"],"assets/images/splashlogo.svg":["assets/images/splashlogo.svg"],"assets/images/stripe.svg":["assets/images/stripe.svg"],"assets/images/tap.svg":["assets/images/tap.svg"],"assets/images/titleicon.png":["assets/images/titleicon.png"],"assets/images/titleicon.svg":["assets/images/titleicon.svg"],"assets/images/username.svg":["assets/images/username.svg"],"assets/images/vag.svg":["assets/images/vag.svg"],"assets/images/vegImage.png":["assets/images/vegImage.png"],"assets/images/video.png":["assets/images/video.png"],"assets/images/zip.png":["assets/images/zip.png"],"assets/logo/loding_product.png":["assets/logo/loding_product.png"],"assets/logo/login_logo.png":["assets/logo/login_logo.png"],"assets/logo/loging_bg.png":["assets/logo/loging_bg.png"],"assets/logo/normal_logo.png":["assets/logo/normal_logo.png"],"assets/logo/slider_loding.png":["assets/logo/slider_loding.png"],"assets/logo/white_logo.png":["assets/logo/white_logo.png"],"lib/Language/ar.json":["lib/Language/ar.json"],"lib/Language/de.json":["lib/Language/de.json"],"lib/Language/en.json":["lib/Language/en.json"],"lib/Language/es.json":["lib/Language/es.json"],"lib/Language/hi.json":["lib/Language/hi.json"],"lib/Language/ja.json":["lib/Language/ja.json"],"lib/Language/ru.json":["lib/Language/ru.json"],"lib/Language/zh.json":["lib/Language/zh.json"],"packages/country_code_picker/flags/ad.png":["packages/country_code_picker/flags/ad.png"],"packages/country_code_picker/flags/ae.png":["packages/country_code_picker/flags/ae.png"],"packages/country_code_picker/flags/af.png":["packages/country_code_picker/flags/af.png"],"packages/country_code_picker/flags/ag.png":["packages/country_code_picker/flags/ag.png"],"packages/country_code_picker/flags/ai.png":["packages/country_code_picker/flags/ai.png"],"packages/country_code_picker/flags/al.png":["packages/country_code_picker/flags/al.png"],"packages/country_code_picker/flags/am.png":["packages/country_code_picker/flags/am.png"],"packages/country_code_picker/flags/an.png":["packages/country_code_picker/flags/an.png"],"packages/country_code_picker/flags/ao.png":["packages/country_code_picker/flags/ao.png"],"packages/country_code_picker/flags/aq.png":["packages/country_code_picker/flags/aq.png"],"packages/country_code_picker/flags/ar.png":["packages/country_code_picker/flags/ar.png"],"packages/country_code_picker/flags/as.png":["packages/country_code_picker/flags/as.png"],"packages/country_code_picker/flags/at.png":["packages/country_code_picker/flags/at.png"],"packages/country_code_picker/flags/au.png":["packages/country_code_picker/flags/au.png"],"packages/country_code_picker/flags/aw.png":["packages/country_code_picker/flags/aw.png"],"packages/country_code_picker/flags/ax.png":["packages/country_code_picker/flags/ax.png"],"packages/country_code_picker/flags/az.png":["packages/country_code_picker/flags/az.png"],"packages/country_code_picker/flags/ba.png":["packages/country_code_picker/flags/ba.png"],"packages/country_code_picker/flags/bb.png":["packages/country_code_picker/flags/bb.png"],"packages/country_code_picker/flags/bd.png":["packages/country_code_picker/flags/bd.png"],"packages/country_code_picker/flags/be.png":["packages/country_code_picker/flags/be.png"],"packages/country_code_picker/flags/bf.png":["packages/country_code_picker/flags/bf.png"],"packages/country_code_picker/flags/bg.png":["packages/country_code_picker/flags/bg.png"],"packages/country_code_picker/flags/bh.png":["packages/country_code_picker/flags/bh.png"],"packages/country_code_picker/flags/bi.png":["packages/country_code_picker/flags/bi.png"],"packages/country_code_picker/flags/bj.png":["packages/country_code_picker/flags/bj.png"],"packages/country_code_picker/flags/bl.png":["packages/country_code_picker/flags/bl.png"],"packages/country_code_picker/flags/bm.png":["packages/country_code_picker/flags/bm.png"],"packages/country_code_picker/flags/bn.png":["packages/country_code_picker/flags/bn.png"],"packages/country_code_picker/flags/bo.png":["packages/country_code_picker/flags/bo.png"],"packages/country_code_picker/flags/bq.png":["packages/country_code_picker/flags/bq.png"],"packages/country_code_picker/flags/br.png":["packages/country_code_picker/flags/br.png"],"packages/country_code_picker/flags/bs.png":["packages/country_code_picker/flags/bs.png"],"packages/country_code_picker/flags/bt.png":["packages/country_code_picker/flags/bt.png"],"packages/country_code_picker/flags/bv.png":["packages/country_code_picker/flags/bv.png"],"packages/country_code_picker/flags/bw.png":["packages/country_code_picker/flags/bw.png"],"packages/country_code_picker/flags/by.png":["packages/country_code_picker/flags/by.png"],"packages/country_code_picker/flags/bz.png":["packages/country_code_picker/flags/bz.png"],"packages/country_code_picker/flags/ca.png":["packages/country_code_picker/flags/ca.png"],"packages/country_code_picker/flags/cc.png":["packages/country_code_picker/flags/cc.png"],"packages/country_code_picker/flags/cd.png":["packages/country_code_picker/flags/cd.png"],"packages/country_code_picker/flags/cf.png":["packages/country_code_picker/flags/cf.png"],"packages/country_code_picker/flags/cg.png":["packages/country_code_picker/flags/cg.png"],"packages/country_code_picker/flags/ch.png":["packages/country_code_picker/flags/ch.png"],"packages/country_code_picker/flags/ci.png":["packages/country_code_picker/flags/ci.png"],"packages/country_code_picker/flags/ck.png":["packages/country_code_picker/flags/ck.png"],"packages/country_code_picker/flags/cl.png":["packages/country_code_picker/flags/cl.png"],"packages/country_code_picker/flags/cm.png":["packages/country_code_picker/flags/cm.png"],"packages/country_code_picker/flags/cn.png":["packages/country_code_picker/flags/cn.png"],"packages/country_code_picker/flags/co.png":["packages/country_code_picker/flags/co.png"],"packages/country_code_picker/flags/cr.png":["packages/country_code_picker/flags/cr.png"],"packages/country_code_picker/flags/cu.png":["packages/country_code_picker/flags/cu.png"],"packages/country_code_picker/flags/cv.png":["packages/country_code_picker/flags/cv.png"],"packages/country_code_picker/flags/cw.png":["packages/country_code_picker/flags/cw.png"],"packages/country_code_picker/flags/cx.png":["packages/country_code_picker/flags/cx.png"],"packages/country_code_picker/flags/cy.png":["packages/country_code_picker/flags/cy.png"],"packages/country_code_picker/flags/cz.png":["packages/country_code_picker/flags/cz.png"],"packages/country_code_picker/flags/de.png":["packages/country_code_picker/flags/de.png"],"packages/country_code_picker/flags/dj.png":["packages/country_code_picker/flags/dj.png"],"packages/country_code_picker/flags/dk.png":["packages/country_code_picker/flags/dk.png"],"packages/country_code_picker/flags/dm.png":["packages/country_code_picker/flags/dm.png"],"packages/country_code_picker/flags/do.png":["packages/country_code_picker/flags/do.png"],"packages/country_code_picker/flags/dz.png":["packages/country_code_picker/flags/dz.png"],"packages/country_code_picker/flags/ec.png":["packages/country_code_picker/flags/ec.png"],"packages/country_code_picker/flags/ee.png":["packages/country_code_picker/flags/ee.png"],"packages/country_code_picker/flags/eg.png":["packages/country_code_picker/flags/eg.png"],"packages/country_code_picker/flags/eh.png":["packages/country_code_picker/flags/eh.png"],"packages/country_code_picker/flags/er.png":["packages/country_code_picker/flags/er.png"],"packages/country_code_picker/flags/es.png":["packages/country_code_picker/flags/es.png"],"packages/country_code_picker/flags/et.png":["packages/country_code_picker/flags/et.png"],"packages/country_code_picker/flags/eu.png":["packages/country_code_picker/flags/eu.png"],"packages/country_code_picker/flags/fi.png":["packages/country_code_picker/flags/fi.png"],"packages/country_code_picker/flags/fj.png":["packages/country_code_picker/flags/fj.png"],"packages/country_code_picker/flags/fk.png":["packages/country_code_picker/flags/fk.png"],"packages/country_code_picker/flags/fm.png":["packages/country_code_picker/flags/fm.png"],"packages/country_code_picker/flags/fo.png":["packages/country_code_picker/flags/fo.png"],"packages/country_code_picker/flags/fr.png":["packages/country_code_picker/flags/fr.png"],"packages/country_code_picker/flags/ga.png":["packages/country_code_picker/flags/ga.png"],"packages/country_code_picker/flags/gb-eng.png":["packages/country_code_picker/flags/gb-eng.png"],"packages/country_code_picker/flags/gb-nir.png":["packages/country_code_picker/flags/gb-nir.png"],"packages/country_code_picker/flags/gb-sct.png":["packages/country_code_picker/flags/gb-sct.png"],"packages/country_code_picker/flags/gb-wls.png":["packages/country_code_picker/flags/gb-wls.png"],"packages/country_code_picker/flags/gb.png":["packages/country_code_picker/flags/gb.png"],"packages/country_code_picker/flags/gd.png":["packages/country_code_picker/flags/gd.png"],"packages/country_code_picker/flags/ge.png":["packages/country_code_picker/flags/ge.png"],"packages/country_code_picker/flags/gf.png":["packages/country_code_picker/flags/gf.png"],"packages/country_code_picker/flags/gg.png":["packages/country_code_picker/flags/gg.png"],"packages/country_code_picker/flags/gh.png":["packages/country_code_picker/flags/gh.png"],"packages/country_code_picker/flags/gi.png":["packages/country_code_picker/flags/gi.png"],"packages/country_code_picker/flags/gl.png":["packages/country_code_picker/flags/gl.png"],"packages/country_code_picker/flags/gm.png":["packages/country_code_picker/flags/gm.png"],"packages/country_code_picker/flags/gn.png":["packages/country_code_picker/flags/gn.png"],"packages/country_code_picker/flags/gp.png":["packages/country_code_picker/flags/gp.png"],"packages/country_code_picker/flags/gq.png":["packages/country_code_picker/flags/gq.png"],"packages/country_code_picker/flags/gr.png":["packages/country_code_picker/flags/gr.png"],"packages/country_code_picker/flags/gs.png":["packages/country_code_picker/flags/gs.png"],"packages/country_code_picker/flags/gt.png":["packages/country_code_picker/flags/gt.png"],"packages/country_code_picker/flags/gu.png":["packages/country_code_picker/flags/gu.png"],"packages/country_code_picker/flags/gw.png":["packages/country_code_picker/flags/gw.png"],"packages/country_code_picker/flags/gy.png":["packages/country_code_picker/flags/gy.png"],"packages/country_code_picker/flags/hk.png":["packages/country_code_picker/flags/hk.png"],"packages/country_code_picker/flags/hm.png":["packages/country_code_picker/flags/hm.png"],"packages/country_code_picker/flags/hn.png":["packages/country_code_picker/flags/hn.png"],"packages/country_code_picker/flags/hr.png":["packages/country_code_picker/flags/hr.png"],"packages/country_code_picker/flags/ht.png":["packages/country_code_picker/flags/ht.png"],"packages/country_code_picker/flags/hu.png":["packages/country_code_picker/flags/hu.png"],"packages/country_code_picker/flags/id.png":["packages/country_code_picker/flags/id.png"],"packages/country_code_picker/flags/ie.png":["packages/country_code_picker/flags/ie.png"],"packages/country_code_picker/flags/il.png":["packages/country_code_picker/flags/il.png"],"packages/country_code_picker/flags/im.png":["packages/country_code_picker/flags/im.png"],"packages/country_code_picker/flags/in.png":["packages/country_code_picker/flags/in.png"],"packages/country_code_picker/flags/io.png":["packages/country_code_picker/flags/io.png"],"packages/country_code_picker/flags/iq.png":["packages/country_code_picker/flags/iq.png"],"packages/country_code_picker/flags/ir.png":["packages/country_code_picker/flags/ir.png"],"packages/country_code_picker/flags/is.png":["packages/country_code_picker/flags/is.png"],"packages/country_code_picker/flags/it.png":["packages/country_code_picker/flags/it.png"],"packages/country_code_picker/flags/je.png":["packages/country_code_picker/flags/je.png"],"packages/country_code_picker/flags/jm.png":["packages/country_code_picker/flags/jm.png"],"packages/country_code_picker/flags/jo.png":["packages/country_code_picker/flags/jo.png"],"packages/country_code_picker/flags/jp.png":["packages/country_code_picker/flags/jp.png"],"packages/country_code_picker/flags/ke.png":["packages/country_code_picker/flags/ke.png"],"packages/country_code_picker/flags/kg.png":["packages/country_code_picker/flags/kg.png"],"packages/country_code_picker/flags/kh.png":["packages/country_code_picker/flags/kh.png"],"packages/country_code_picker/flags/ki.png":["packages/country_code_picker/flags/ki.png"],"packages/country_code_picker/flags/km.png":["packages/country_code_picker/flags/km.png"],"packages/country_code_picker/flags/kn.png":["packages/country_code_picker/flags/kn.png"],"packages/country_code_picker/flags/kp.png":["packages/country_code_picker/flags/kp.png"],"packages/country_code_picker/flags/kr.png":["packages/country_code_picker/flags/kr.png"],"packages/country_code_picker/flags/kw.png":["packages/country_code_picker/flags/kw.png"],"packages/country_code_picker/flags/ky.png":["packages/country_code_picker/flags/ky.png"],"packages/country_code_picker/flags/kz.png":["packages/country_code_picker/flags/kz.png"],"packages/country_code_picker/flags/la.png":["packages/country_code_picker/flags/la.png"],"packages/country_code_picker/flags/lb.png":["packages/country_code_picker/flags/lb.png"],"packages/country_code_picker/flags/lc.png":["packages/country_code_picker/flags/lc.png"],"packages/country_code_picker/flags/li.png":["packages/country_code_picker/flags/li.png"],"packages/country_code_picker/flags/lk.png":["packages/country_code_picker/flags/lk.png"],"packages/country_code_picker/flags/lr.png":["packages/country_code_picker/flags/lr.png"],"packages/country_code_picker/flags/ls.png":["packages/country_code_picker/flags/ls.png"],"packages/country_code_picker/flags/lt.png":["packages/country_code_picker/flags/lt.png"],"packages/country_code_picker/flags/lu.png":["packages/country_code_picker/flags/lu.png"],"packages/country_code_picker/flags/lv.png":["packages/country_code_picker/flags/lv.png"],"packages/country_code_picker/flags/ly.png":["packages/country_code_picker/flags/ly.png"],"packages/country_code_picker/flags/ma.png":["packages/country_code_picker/flags/ma.png"],"packages/country_code_picker/flags/mc.png":["packages/country_code_picker/flags/mc.png"],"packages/country_code_picker/flags/md.png":["packages/country_code_picker/flags/md.png"],"packages/country_code_picker/flags/me.png":["packages/country_code_picker/flags/me.png"],"packages/country_code_picker/flags/mf.png":["packages/country_code_picker/flags/mf.png"],"packages/country_code_picker/flags/mg.png":["packages/country_code_picker/flags/mg.png"],"packages/country_code_picker/flags/mh.png":["packages/country_code_picker/flags/mh.png"],"packages/country_code_picker/flags/mk.png":["packages/country_code_picker/flags/mk.png"],"packages/country_code_picker/flags/ml.png":["packages/country_code_picker/flags/ml.png"],"packages/country_code_picker/flags/mm.png":["packages/country_code_picker/flags/mm.png"],"packages/country_code_picker/flags/mn.png":["packages/country_code_picker/flags/mn.png"],"packages/country_code_picker/flags/mo.png":["packages/country_code_picker/flags/mo.png"],"packages/country_code_picker/flags/mp.png":["packages/country_code_picker/flags/mp.png"],"packages/country_code_picker/flags/mq.png":["packages/country_code_picker/flags/mq.png"],"packages/country_code_picker/flags/mr.png":["packages/country_code_picker/flags/mr.png"],"packages/country_code_picker/flags/ms.png":["packages/country_code_picker/flags/ms.png"],"packages/country_code_picker/flags/mt.png":["packages/country_code_picker/flags/mt.png"],"packages/country_code_picker/flags/mu.png":["packages/country_code_picker/flags/mu.png"],"packages/country_code_picker/flags/mv.png":["packages/country_code_picker/flags/mv.png"],"packages/country_code_picker/flags/mw.png":["packages/country_code_picker/flags/mw.png"],"packages/country_code_picker/flags/mx.png":["packages/country_code_picker/flags/mx.png"],"packages/country_code_picker/flags/my.png":["packages/country_code_picker/flags/my.png"],"packages/country_code_picker/flags/mz.png":["packages/country_code_picker/flags/mz.png"],"packages/country_code_picker/flags/na.png":["packages/country_code_picker/flags/na.png"],"packages/country_code_picker/flags/nc.png":["packages/country_code_picker/flags/nc.png"],"packages/country_code_picker/flags/ne.png":["packages/country_code_picker/flags/ne.png"],"packages/country_code_picker/flags/nf.png":["packages/country_code_picker/flags/nf.png"],"packages/country_code_picker/flags/ng.png":["packages/country_code_picker/flags/ng.png"],"packages/country_code_picker/flags/ni.png":["packages/country_code_picker/flags/ni.png"],"packages/country_code_picker/flags/nl.png":["packages/country_code_picker/flags/nl.png"],"packages/country_code_picker/flags/no.png":["packages/country_code_picker/flags/no.png"],"packages/country_code_picker/flags/np.png":["packages/country_code_picker/flags/np.png"],"packages/country_code_picker/flags/nr.png":["packages/country_code_picker/flags/nr.png"],"packages/country_code_picker/flags/nu.png":["packages/country_code_picker/flags/nu.png"],"packages/country_code_picker/flags/nz.png":["packages/country_code_picker/flags/nz.png"],"packages/country_code_picker/flags/om.png":["packages/country_code_picker/flags/om.png"],"packages/country_code_picker/flags/pa.png":["packages/country_code_picker/flags/pa.png"],"packages/country_code_picker/flags/pe.png":["packages/country_code_picker/flags/pe.png"],"packages/country_code_picker/flags/pf.png":["packages/country_code_picker/flags/pf.png"],"packages/country_code_picker/flags/pg.png":["packages/country_code_picker/flags/pg.png"],"packages/country_code_picker/flags/ph.png":["packages/country_code_picker/flags/ph.png"],"packages/country_code_picker/flags/pk.png":["packages/country_code_picker/flags/pk.png"],"packages/country_code_picker/flags/pl.png":["packages/country_code_picker/flags/pl.png"],"packages/country_code_picker/flags/pm.png":["packages/country_code_picker/flags/pm.png"],"packages/country_code_picker/flags/pn.png":["packages/country_code_picker/flags/pn.png"],"packages/country_code_picker/flags/pr.png":["packages/country_code_picker/flags/pr.png"],"packages/country_code_picker/flags/ps.png":["packages/country_code_picker/flags/ps.png"],"packages/country_code_picker/flags/pt.png":["packages/country_code_picker/flags/pt.png"],"packages/country_code_picker/flags/pw.png":["packages/country_code_picker/flags/pw.png"],"packages/country_code_picker/flags/py.png":["packages/country_code_picker/flags/py.png"],"packages/country_code_picker/flags/qa.png":["packages/country_code_picker/flags/qa.png"],"packages/country_code_picker/flags/re.png":["packages/country_code_picker/flags/re.png"],"packages/country_code_picker/flags/ro.png":["packages/country_code_picker/flags/ro.png"],"packages/country_code_picker/flags/rs.png":["packages/country_code_picker/flags/rs.png"],"packages/country_code_picker/flags/ru.png":["packages/country_code_picker/flags/ru.png"],"packages/country_code_picker/flags/rw.png":["packages/country_code_picker/flags/rw.png"],"packages/country_code_picker/flags/sa.png":["packages/country_code_picker/flags/sa.png"],"packages/country_code_picker/flags/sb.png":["packages/country_code_picker/flags/sb.png"],"packages/country_code_picker/flags/sc.png":["packages/country_code_picker/flags/sc.png"],"packages/country_code_picker/flags/sd.png":["packages/country_code_picker/flags/sd.png"],"packages/country_code_picker/flags/se.png":["packages/country_code_picker/flags/se.png"],"packages/country_code_picker/flags/sg.png":["packages/country_code_picker/flags/sg.png"],"packages/country_code_picker/flags/sh.png":["packages/country_code_picker/flags/sh.png"],"packages/country_code_picker/flags/si.png":["packages/country_code_picker/flags/si.png"],"packages/country_code_picker/flags/sj.png":["packages/country_code_picker/flags/sj.png"],"packages/country_code_picker/flags/sk.png":["packages/country_code_picker/flags/sk.png"],"packages/country_code_picker/flags/sl.png":["packages/country_code_picker/flags/sl.png"],"packages/country_code_picker/flags/sm.png":["packages/country_code_picker/flags/sm.png"],"packages/country_code_picker/flags/sn.png":["packages/country_code_picker/flags/sn.png"],"packages/country_code_picker/flags/so.png":["packages/country_code_picker/flags/so.png"],"packages/country_code_picker/flags/sr.png":["packages/country_code_picker/flags/sr.png"],"packages/country_code_picker/flags/ss.png":["packages/country_code_picker/flags/ss.png"],"packages/country_code_picker/flags/st.png":["packages/country_code_picker/flags/st.png"],"packages/country_code_picker/flags/sv.png":["packages/country_code_picker/flags/sv.png"],"packages/country_code_picker/flags/sx.png":["packages/country_code_picker/flags/sx.png"],"packages/country_code_picker/flags/sy.png":["packages/country_code_picker/flags/sy.png"],"packages/country_code_picker/flags/sz.png":["packages/country_code_picker/flags/sz.png"],"packages/country_code_picker/flags/tc.png":["packages/country_code_picker/flags/tc.png"],"packages/country_code_picker/flags/td.png":["packages/country_code_picker/flags/td.png"],"packages/country_code_picker/flags/tf.png":["packages/country_code_picker/flags/tf.png"],"packages/country_code_picker/flags/tg.png":["packages/country_code_picker/flags/tg.png"],"packages/country_code_picker/flags/th.png":["packages/country_code_picker/flags/th.png"],"packages/country_code_picker/flags/tj.png":["packages/country_code_picker/flags/tj.png"],"packages/country_code_picker/flags/tk.png":["packages/country_code_picker/flags/tk.png"],"packages/country_code_picker/flags/tl.png":["packages/country_code_picker/flags/tl.png"],"packages/country_code_picker/flags/tm.png":["packages/country_code_picker/flags/tm.png"],"packages/country_code_picker/flags/tn.png":["packages/country_code_picker/flags/tn.png"],"packages/country_code_picker/flags/to.png":["packages/country_code_picker/flags/to.png"],"packages/country_code_picker/flags/tr.png":["packages/country_code_picker/flags/tr.png"],"packages/country_code_picker/flags/tt.png":["packages/country_code_picker/flags/tt.png"],"packages/country_code_picker/flags/tv.png":["packages/country_code_picker/flags/tv.png"],"packages/country_code_picker/flags/tw.png":["packages/country_code_picker/flags/tw.png"],"packages/country_code_picker/flags/tz.png":["packages/country_code_picker/flags/tz.png"],"packages/country_code_picker/flags/ua.png":["packages/country_code_picker/flags/ua.png"],"packages/country_code_picker/flags/ug.png":["packages/country_code_picker/flags/ug.png"],"packages/country_code_picker/flags/um.png":["packages/country_code_picker/flags/um.png"],"packages/country_code_picker/flags/us.png":["packages/country_code_picker/flags/us.png"],"packages/country_code_picker/flags/uy.png":["packages/country_code_picker/flags/uy.png"],"packages/country_code_picker/flags/uz.png":["packages/country_code_picker/flags/uz.png"],"packages/country_code_picker/flags/va.png":["packages/country_code_picker/flags/va.png"],"packages/country_code_picker/flags/vc.png":["packages/country_code_picker/flags/vc.png"],"packages/country_code_picker/flags/ve.png":["packages/country_code_picker/flags/ve.png"],"packages/country_code_picker/flags/vg.png":["packages/country_code_picker/flags/vg.png"],"packages/country_code_picker/flags/vi.png":["packages/country_code_picker/flags/vi.png"],"packages/country_code_picker/flags/vn.png":["packages/country_code_picker/flags/vn.png"],"packages/country_code_picker/flags/vu.png":["packages/country_code_picker/flags/vu.png"],"packages/country_code_picker/flags/wf.png":["packages/country_code_picker/flags/wf.png"],"packages/country_code_picker/flags/ws.png":["packages/country_code_picker/flags/ws.png"],"packages/country_code_picker/flags/xk.png":["packages/country_code_picker/flags/xk.png"],"packages/country_code_picker/flags/ye.png":["packages/country_code_picker/flags/ye.png"],"packages/country_code_picker/flags/yt.png":["packages/country_code_picker/flags/yt.png"],"packages/country_code_picker/flags/za.png":["packages/country_code_picker/flags/za.png"],"packages/country_code_picker/flags/zm.png":["packages/country_code_picker/flags/zm.png"],"packages/country_code_picker/flags/zw.png":["packages/country_code_picker/flags/zw.png"],"packages/country_code_picker/i18n/af.json":["packages/country_code_picker/i18n/af.json"],"packages/country_code_picker/i18n/am.json":["packages/country_code_picker/i18n/am.json"],"packages/country_code_picker/i18n/ar.json":["packages/country_code_picker/i18n/ar.json"],"packages/country_code_picker/i18n/az.json":["packages/country_code_picker/i18n/az.json"],"packages/country_code_picker/i18n/be.json":["packages/country_code_picker/i18n/be.json"],"packages/country_code_picker/i18n/bg.json":["packages/country_code_picker/i18n/bg.json"],"packages/country_code_picker/i18n/bn.json":["packages/country_code_picker/i18n/bn.json"],"packages/country_code_picker/i18n/bs.json":["packages/country_code_picker/i18n/bs.json"],"packages/country_code_picker/i18n/ca.json":["packages/country_code_picker/i18n/ca.json"],"packages/country_code_picker/i18n/cs.json":["packages/country_code_picker/i18n/cs.json"],"packages/country_code_picker/i18n/da.json":["packages/country_code_picker/i18n/da.json"],"packages/country_code_picker/i18n/de.json":["packages/country_code_picker/i18n/de.json"],"packages/country_code_picker/i18n/el.json":["packages/country_code_picker/i18n/el.json"],"packages/country_code_picker/i18n/en.json":["packages/country_code_picker/i18n/en.json"],"packages/country_code_picker/i18n/es.json":["packages/country_code_picker/i18n/es.json"],"packages/country_code_picker/i18n/et.json":["packages/country_code_picker/i18n/et.json"],"packages/country_code_picker/i18n/fa.json":["packages/country_code_picker/i18n/fa.json"],"packages/country_code_picker/i18n/fi.json":["packages/country_code_picker/i18n/fi.json"],"packages/country_code_picker/i18n/fr.json":["packages/country_code_picker/i18n/fr.json"],"packages/country_code_picker/i18n/gl.json":["packages/country_code_picker/i18n/gl.json"],"packages/country_code_picker/i18n/ha.json":["packages/country_code_picker/i18n/ha.json"],"packages/country_code_picker/i18n/he.json":["packages/country_code_picker/i18n/he.json"],"packages/country_code_picker/i18n/hi.json":["packages/country_code_picker/i18n/hi.json"],"packages/country_code_picker/i18n/hr.json":["packages/country_code_picker/i18n/hr.json"],"packages/country_code_picker/i18n/hu.json":["packages/country_code_picker/i18n/hu.json"],"packages/country_code_picker/i18n/hy.json":["packages/country_code_picker/i18n/hy.json"],"packages/country_code_picker/i18n/id.json":["packages/country_code_picker/i18n/id.json"],"packages/country_code_picker/i18n/is.json":["packages/country_code_picker/i18n/is.json"],"packages/country_code_picker/i18n/it.json":["packages/country_code_picker/i18n/it.json"],"packages/country_code_picker/i18n/ja.json":["packages/country_code_picker/i18n/ja.json"],"packages/country_code_picker/i18n/ka.json":["packages/country_code_picker/i18n/ka.json"],"packages/country_code_picker/i18n/kk.json":["packages/country_code_picker/i18n/kk.json"],"packages/country_code_picker/i18n/km.json":["packages/country_code_picker/i18n/km.json"],"packages/country_code_picker/i18n/ko.json":["packages/country_code_picker/i18n/ko.json"],"packages/country_code_picker/i18n/ku.json":["packages/country_code_picker/i18n/ku.json"],"packages/country_code_picker/i18n/ky.json":["packages/country_code_picker/i18n/ky.json"],"packages/country_code_picker/i18n/lt.json":["packages/country_code_picker/i18n/lt.json"],"packages/country_code_picker/i18n/lv.json":["packages/country_code_picker/i18n/lv.json"],"packages/country_code_picker/i18n/mk.json":["packages/country_code_picker/i18n/mk.json"],"packages/country_code_picker/i18n/ml.json":["packages/country_code_picker/i18n/ml.json"],"packages/country_code_picker/i18n/mn.json":["packages/country_code_picker/i18n/mn.json"],"packages/country_code_picker/i18n/ms.json":["packages/country_code_picker/i18n/ms.json"],"packages/country_code_picker/i18n/nb.json":["packages/country_code_picker/i18n/nb.json"],"packages/country_code_picker/i18n/nl.json":["packages/country_code_picker/i18n/nl.json"],"packages/country_code_picker/i18n/nn.json":["packages/country_code_picker/i18n/nn.json"],"packages/country_code_picker/i18n/no.json":["packages/country_code_picker/i18n/no.json"],"packages/country_code_picker/i18n/pl.json":["packages/country_code_picker/i18n/pl.json"],"packages/country_code_picker/i18n/ps.json":["packages/country_code_picker/i18n/ps.json"],"packages/country_code_picker/i18n/pt.json":["packages/country_code_picker/i18n/pt.json"],"packages/country_code_picker/i18n/ro.json":["packages/country_code_picker/i18n/ro.json"],"packages/country_code_picker/i18n/ru.json":["packages/country_code_picker/i18n/ru.json"],"packages/country_code_picker/i18n/sd.json":["packages/country_code_picker/i18n/sd.json"],"packages/country_code_picker/i18n/sk.json":["packages/country_code_picker/i18n/sk.json"],"packages/country_code_picker/i18n/sl.json":["packages/country_code_picker/i18n/sl.json"],"packages/country_code_picker/i18n/so.json":["packages/country_code_picker/i18n/so.json"],"packages/country_code_picker/i18n/sq.json":["packages/country_code_picker/i18n/sq.json"],"packages/country_code_picker/i18n/sr.json":["packages/country_code_picker/i18n/sr.json"],"packages/country_code_picker/i18n/sv.json":["packages/country_code_picker/i18n/sv.json"],"packages/country_code_picker/i18n/ta.json":["packages/country_code_picker/i18n/ta.json"],"packages/country_code_picker/i18n/tg.json":["packages/country_code_picker/i18n/tg.json"],"packages/country_code_picker/i18n/th.json":["packages/country_code_picker/i18n/th.json"],"packages/country_code_picker/i18n/tr.json":["packages/country_code_picker/i18n/tr.json"],"packages/country_code_picker/i18n/tt.json":["packages/country_code_picker/i18n/tt.json"],"packages/country_code_picker/i18n/ug.json":["packages/country_code_picker/i18n/ug.json"],"packages/country_code_picker/i18n/uk.json":["packages/country_code_picker/i18n/uk.json"],"packages/country_code_picker/i18n/ur.json":["packages/country_code_picker/i18n/ur.json"],"packages/country_code_picker/i18n/uz.json":["packages/country_code_picker/i18n/uz.json"],"packages/country_code_picker/i18n/vi.json":["packages/country_code_picker/i18n/vi.json"],"packages/country_code_picker/i18n/zh.json":["packages/country_code_picker/i18n/zh.json"],"packages/cupertino_icons/assets/CupertinoIcons.ttf":["packages/cupertino_icons/assets/CupertinoIcons.ttf"],"packages/flutter_inappwebview/assets/t_rex_runner/t-rex.css":["packages/flutter_inappwebview/assets/t_rex_runner/t-rex.css"],"packages/flutter_inappwebview/assets/t_rex_runner/t-rex.html":["packages/flutter_inappwebview/assets/t_rex_runner/t-rex.html"],"packages/flutter_math_fork/lib/katex_fonts/fonts/KaTeX_AMS-Regular.ttf":["packages/flutter_math_fork/lib/katex_fonts/fonts/KaTeX_AMS-Regular.ttf"],"packages/flutter_math_fork/lib/katex_fonts/fonts/KaTeX_Caligraphic-Bold.ttf":["packages/flutter_math_fork/lib/katex_fonts/fonts/KaTeX_Caligraphic-Bold.ttf"],"packages/flutter_math_fork/lib/katex_fonts/fonts/KaTeX_Caligraphic-Regular.ttf":["packages/flutter_math_fork/lib/katex_fonts/fonts/KaTeX_Caligraphic-Regular.ttf"],"packages/flutter_math_fork/lib/katex_fonts/fonts/KaTeX_Fraktur-Bold.ttf":["packages/flutter_math_fork/lib/katex_fonts/fonts/KaTeX_Fraktur-Bold.ttf"],"packages/flutter_math_fork/lib/katex_fonts/fonts/KaTeX_Fraktur-Regular.ttf":["packages/flutter_math_fork/lib/katex_fonts/fonts/KaTeX_Fraktur-Regular.ttf"],"packages/flutter_math_fork/lib/katex_fonts/fonts/KaTeX_Main-Bold.ttf":["packages/flutter_math_fork/lib/katex_fonts/fonts/KaTeX_Main-Bold.ttf"],"packages/flutter_math_fork/lib/katex_fonts/fonts/KaTeX_Main-BoldItalic.ttf":["packages/flutter_math_fork/lib/katex_fonts/fonts/KaTeX_Main-BoldItalic.ttf"],"packages/flutter_math_fork/lib/katex_fonts/fonts/KaTeX_Main-Italic.ttf":["packages/flutter_math_fork/lib/katex_fonts/fonts/KaTeX_Main-Italic.ttf"],"packages/flutter_math_fork/lib/katex_fonts/fonts/KaTeX_Main-Regular.ttf":["packages/flutter_math_fork/lib/katex_fonts/fonts/KaTeX_Main-Regular.ttf"],"packages/flutter_math_fork/lib/katex_fonts/fonts/KaTeX_Math-BoldItalic.ttf":["packages/flutter_math_fork/lib/katex_fonts/fonts/KaTeX_Math-BoldItalic.ttf"],"packages/flutter_math_fork/lib/katex_fonts/fonts/KaTeX_Math-Italic.ttf":["packages/flutter_math_fork/lib/katex_fonts/fonts/KaTeX_Math-Italic.ttf"],"packages/flutter_math_fork/lib/katex_fonts/fonts/KaTeX_SansSerif-Bold.ttf":["packages/flutter_math_fork/lib/katex_fonts/fonts/KaTeX_SansSerif-Bold.ttf"],"packages/flutter_math_fork/lib/katex_fonts/fonts/KaTeX_SansSerif-Italic.ttf":["packages/flutter_math_fork/lib/katex_fonts/fonts/KaTeX_SansSerif-Italic.ttf"],"packages/flutter_math_fork/lib/katex_fonts/fonts/KaTeX_SansSerif-Regular.ttf":["packages/flutter_math_fork/lib/katex_fonts/fonts/KaTeX_SansSerif-Regular.ttf"],"packages/flutter_math_fork/lib/katex_fonts/fonts/KaTeX_Script-Regular.ttf":["packages/flutter_math_fork/lib/katex_fonts/fonts/KaTeX_Script-Regular.ttf"],"packages/flutter_math_fork/lib/katex_fonts/fonts/KaTeX_Size1-Regular.ttf":["packages/flutter_math_fork/lib/katex_fonts/fonts/KaTeX_Size1-Regular.ttf"],"packages/flutter_math_fork/lib/katex_fonts/fonts/KaTeX_Size2-Regular.ttf":["packages/flutter_math_fork/lib/katex_fonts/fonts/KaTeX_Size2-Regular.ttf"],"packages/flutter_math_fork/lib/katex_fonts/fonts/KaTeX_Size3-Regular.ttf":["packages/flutter_math_fork/lib/katex_fonts/fonts/KaTeX_Size3-Regular.ttf"],"packages/flutter_math_fork/lib/katex_fonts/fonts/KaTeX_Size4-Regular.ttf":["packages/flutter_math_fork/lib/katex_fonts/fonts/KaTeX_Size4-Regular.ttf"],"packages/flutter_math_fork/lib/katex_fonts/fonts/KaTeX_Typewriter-Regular.ttf":["packages/flutter_math_fork/lib/katex_fonts/fonts/KaTeX_Typewriter-Regular.ttf"],"packages/fluttertoast/assets/toastify.css":["packages/fluttertoast/assets/toastify.css"],"packages/fluttertoast/assets/toastify.js":["packages/fluttertoast/assets/toastify.js"],"packages/youtube_player_flutter/assets/speedometer.webp":["packages/youtube_player_flutter/assets/speedometer.webp"]}